team,year,playersaves,teamsaves,save_pct
KC1,1959,12,22,0.55
KC1,1961,12,23,0.52
BRO,1941,11,22,0.5
SLN,1951,11,23,0.48
WS1,1913,9,20,0.45
BRO,1950,9,20,0.45
TEX,1973,12,27,0.44
SLA,1948,9,21,0.43
CHA,1948,10,23,0.43
CLE,1958,9,21,0.43
DET,1957,9,21,0.43
MON,1969,9,21,0.43
HOU,1967,9,22,0.41
DET,1943,8,20,0.4
DET,1950,8,20,0.4
NY1,1923,8,20,0.4
CLE,1987,10,25,0.4
SLN,1947,8,20,0.4
PHI,1946,9,23,0.39
BRO,1946,11,28,0.39
BOS,1957,9,23,0.39
MLN,1957,9,23,0.39
HOU,1968,9,23,0.39
MLN,1962,9,24,0.38
NY1,1948,8,21,0.38
CLE,1959,9,24,0.38
CHN,1960,9,24,0.38
PHI,1969,8,21,0.38
PIT,1940,9,24,0.38
PIT,1956,9,24,0.38
SLN,1941,8,21,0.38
SLN,1936,9,24,0.38
WS1,1943,8,21,0.38
ATL,1972,10,27,0.37
ARI,2021,8,22,0.36
CHN,1970,9,25,0.36
CHA,2023,10,28,0.36
NYA,1926,8,22,0.36
MIL,1973,10,28,0.36
HOU,1975,9,25,0.36
KC1,1958,9,25,0.36
LAN,1959,9,25,0.36
TEX,1978,9,25,0.36
NYN,1966,8,22,0.36
SLN,1970,7,20,0.35
SLA,1934,7,20,0.35
SFN,1964,11,31,0.35
SFN,1958,9,26,0.35
DET,1915,7,20,0.35
DET,1924,7,20,0.35
MLN,1954,7,20,0.35
MLN,1956,9,26,0.35
CHN,1929,7,20,0.35
CHN,1955,8,23,0.35
CLE,1943,7,20,0.35
CIN,1959,9,26,0.35
BRO,1935,7,20,0.35
BRO,1948,7,21,0.33
CAL,1968,10,30,0.33
BOS,1952,8,24,0.33
ATL,1976,9,27,0.33
BAL,1955,8,24,0.33
BAL,1987,10,30,0.33
CLE,1934,7,21,0.33
CLE,1935,7,21,0.33
CLE,1956,8,24,0.33
CLE,1994,7,21,0.33
CAL,1994,7,21,0.33
CHA,1958,8,24,0.33
MON,1976,7,21,0.33
NYA,1936,7,21,0.33
NYA,1952,9,27,0.33
MIL,1978,8,24,0.33
MIN,1986,8,24,0.33
DET,1960,8,24,0.33
SEA,1985,10,30,0.33
SFN,1963,10,30,0.33
TBA,2021,14,42,0.33
PHI,1965,7,21,0.33
PHI,1929,8,24,0.33
PHA,1929,8,24,0.33
PIT,1994,8,24,0.33
PHI,1973,7,22,0.32
SLN,1962,8,25,0.32
SLN,1928,7,22,0.32
SFN,1959,8,25,0.32
WS1,1948,7,22,0.32
DET,1948,7,22,0.32
LAN,1979,11,34,0.32
KCA,2004,8,25,0.32
KCA,1975,8,25,0.32
KCA,1969,8,25,0.32
KCA,1970,8,25,0.32
MIN,1971,8,25,0.32
NYA,1928,7,22,0.32
NYA,1933,7,22,0.32
MIN,2022,9,28,0.32
NY1,1936,7,22,0.32
CHA,1954,11,34,0.32
CHA,1952,9,28,0.32
CHN,1958,8,25,0.32
CHN,1953,7,22,0.32
CLE,1940,7,22,0.32
CIN,2022,10,31,0.32
CLE,1917,7,22,0.32
CLE,1963,8,25,0.32
CLE,1969,7,22,0.32
CIN,1955,7,22,0.32
CIN,1984,8,25,0.32
BOS,1950,9,28,0.32
BOS,1960,7,22,0.32
BOS,1972,8,25,0.32
ATL,1973,11,35,0.31
CLE,1971,10,32,0.31
CHN,1974,8,26,0.31
CHA,1955,8,26,0.31
CHA,1957,8,26,0.31
KCA,1999,9,29,0.31
DET,1968,9,29,0.31
HOU,1966,8,26,0.31
SLN,1966,10,32,0.31
SLN,1974,6,20,0.3
SLN,1980,8,27,0.3
SEA,1981,7,23,0.3
PHI,1966,7,23,0.3
TOR,1980,7,23,0.3
HOU,1963,6,20,0.3
DET,1994,6,20,0.3
DET,2003,8,27,0.3
DET,1963,8,27,0.3
DET,1982,8,27,0.3
LAN,1960,6,20,0.3
NYA,1929,6,20,0.3
NY1,1956,9,30,0.3
MIN,1962,8,27,0.3
MIL,1980,9,30,0.3
MIA,2019,8,27,0.3
MIL,1970,8,27,0.3
CHN,1954,6,20,0.3
CHN,1981,6,20,0.3
CLE,1967,8,27,0.3
CHN,2021,12,40,0.3
CIN,1958,6,20,0.3
BAL,1976,7,23,0.3
BAL,1977,7,23,0.3
BAL,1959,9,30,0.3
BAL,1960,7,23,0.3
ATL,1990,9,30,0.3
BAL,2019,8,27,0.3
BOS,1946,6,20,0.3
CAL,1982,8,27,0.3
ATL,1971,9,31,0.29
CIN,1956,8,28,0.29
CLE,1970,10,35,0.29
CLE,1973,6,21,0.29
CHA,2018,10,34,0.29
CHA,1917,6,21,0.29
MIN,1964,8,28,0.29
NYA,1951,7,24,0.29
NYA,1956,10,35,0.29
KCA,1972,8,28,0.29
DET,1964,10,35,0.29
DET,1965,9,31,0.29
WS1,1931,7,24,0.29
PHI,1962,7,24,0.29
SLN,1930,7,24,0.29
SLN,1961,7,24,0.29
SLN,1965,10,35,0.29
SLN,1958,7,25,0.28
SEA,2008,10,36,0.28
PHA,1927,7,25,0.28
NYN,1970,9,32,0.28
PIT,1985,8,29,0.28
SDN,1969,7,25,0.28
SDN,1970,9,32,0.28
PIT,1981,8,29,0.28
PHI,1971,7,25,0.28
LAN,1987,9,32,0.28
LAA,1963,9,32,0.28
NY1,1952,9,32,0.28
MON,1975,7,25,0.28
LAN,2022,12,43,0.28
CHA,1953,9,32,0.28
CHN,1966,7,25,0.28
CHN,1988,8,29,0.28
CIN,1957,8,29,0.28
BAL,1974,7,25,0.28
BOS,2003,10,36,0.28
CAL,1977,7,26,0.27
BRO,1943,6,22,0.27
BOS,1939,6,22,0.27
BAL,1971,6,22,0.27
BAL,1961,9,33,0.27
BAL,1957,7,26,0.27
ATL,2008,7,26,0.27
CLE,1960,8,30,0.27
CLE,1975,9,33,0.27
CHN,1962,7,26,0.27
CHA,1960,7,26,0.27
CHA,1961,9,33,0.27
CHA,1976,6,22,0.27
NYA,1959,8,30,0.27
LAA,1961,9,33,0.27
KC1,1962,9,33,0.27
KCA,1987,7,26,0.27
DET,1981,6,22,0.27
DET,1961,8,30,0.27
DET,1996,6,22,0.27
HOU,1965,7,26,0.27
HOU,1973,7,26,0.27
PIT,2022,9,33,0.27
PIT,1986,8,30,0.27
NYN,1982,10,37,0.27
PHI,1945,7,26,0.27
SFN,1960,7,26,0.27
SLA,1922,6,22,0.27
SFN,1970,8,30,0.27
SLN,1959,6,22,0.27
SLN,1971,6,22,0.27
TEX,2002,9,33,0.27
TEX,2022,10,37,0.27
WS2,1964,7,26,0.27
WS2,1971,7,26,0.27
WS1,1960,9,35,0.26
TOR,2021,9,34,0.26
TEX,1977,8,31,0.26
SLN,1964,10,39,0.26
SFN,1972,6,23,0.26
SFN,1966,7,27,0.26
SFN,1986,9,35,0.26
SEA,2019,9,34,0.26
SEA,1986,7,27,0.26
PHI,1957,6,23,0.26
NYA,2022,12,47,0.26
SDN,1981,6,23,0.26
SDN,1973,6,23,0.26
PIT,1976,9,35,0.26
PHI,2022,11,42,0.26
HOU,1978,6,23,0.26
DET,1995,10,38,0.26
DET,1962,9,35,0.26
HOU,1982,8,31,0.26
LAN,1984,7,27,0.26
NYA,1953,10,39,0.26
NYA,1963,8,31,0.26
NYA,1950,8,31,0.26
MLN,1964,10,38,0.26
CLE,1961,6,23,0.26
CLE,1962,8,31,0.26
CLE,1957,6,23,0.26
CIN,1936,6,23,0.26
CIN,1951,6,23,0.26
CHN,1969,7,27,0.26
CIN,1965,9,34,0.26
CIN,1974,7,27,0.26
ATL,1977,8,31,0.26
ANA,2018,9,35,0.26
BOS,2023,11,43,0.26
BRO,1942,6,24,0.25
BRO,1952,6,24,0.25
BSN,1934,5,20,0.25
BOS,1966,8,32,0.25
BOS,1967,11,44,0.25
BOS,1947,5,20,0.25
ATL,1975,6,24,0.25
ATL,1981,6,24,0.25
ATL,2019,11,44,0.25
CHA,1984,8,32,0.25
CHA,1962,7,28,0.25
CHA,1971,8,32,0.25
CHN,1964,5,20,0.25
MLN,1960,7,28,0.25
NYA,1948,6,24,0.25
NYA,1969,5,20,0.25
LAN,2023,11,44,0.25
LAN,1981,6,24,0.25
KCA,2023,7,28,0.25
HOU,1991,9,36,0.25
HOU,2013,8,32,0.25
DET,1959,6,24,0.25
DET,1971,8,32,0.25
COL,1994,7,28,0.25
FLO,1998,6,24,0.25
NYN,1981,6,24,0.25
OAK,1969,9,36,0.25
OAK,2015,7,28,0.25
SEA,1988,7,28,0.25
SEA,1978,5,20,0.25
SFN,1967,6,24,0.25
SLA,1953,6,24,0.25
SLN,1963,8,32,0.25
TEX,1982,6,24,0.25
TBA,2022,11,44,0.25
TBA,2019,11,46,0.24
TEX,1972,8,34,0.24
TBA,2002,6,25,0.24
TEX,2017,7,29,0.24
TEX,1980,6,25,0.24
SLN,1994,7,29,0.24
SLN,1999,9,38,0.24
SFN,1987,9,38,0.24
PHA,1930,5,21,0.24
OAK,2023,7,29,0.24
OAK,1986,9,37,0.24
OAK,1996,8,34,0.24
PIT,1984,8,34,0.24
WAS,2009,8,33,0.24
WAS,2017,11,46,0.24
TOR,2009,6,25,0.24
TOR,2015,8,34,0.24
WS2,1961,5,21,0.24
WS2,1963,6,25,0.24
CLE,2009,6,25,0.24
KC1,1966,11,46,0.24
LAN,1980,10,42,0.24
LAN,1975,5,21,0.24
NYA,1960,10,42,0.24
NYA,1958,8,33,0.24
NYA,1937,5,21,0.24
NY1,1957,5,21,0.24
MLN,1963,6,25,0.24
NY1,1944,5,21,0.24
NY1,1945,5,21,0.24
CHN,1976,8,33,0.24
CHN,2019,9,38,0.24
CIN,2021,10,41,0.24
ATL,1988,6,25,0.24
BAL,1958,7,29,0.24
BAL,1975,5,21,0.24
BOS,1959,6,25,0.24
BRO,1947,8,34,0.24
BOS,1985,7,29,0.24
BOS,2022,9,39,0.23
BOS,1970,10,44,0.23
BOS,1951,6,26,0.23
BAL,2021,6,26,0.23
BAL,1973,6,26,0.23
BAL,1968,7,31,0.23
ATL,2018,9,40,0.23
ATL,1974,5,22,0.23
ARI,2016,7,31,0.23
CLE,1948,7,30,0.23
CHN,2022,10,44,0.23
CHN,2023,8,35,0.23
CIN,1964,8,35,0.23
CIN,1962,8,35,0.23
CIN,1982,7,31,0.23
CAL,1980,7,30,0.23
NYA,1927,5,22,0.23
NYA,1941,6,26,0.23
NYA,1955,8,35,0.23
MIN,1975,5,22,0.23
MIN,1996,7,31,0.23
LAN,1965,8,35,0.23
LAN,1991,9,40,0.23
LAA,1962,11,47,0.23
KCA,2006,8,35,0.23
COL,1993,8,35,0.23
HOU,1972,7,31,0.23
TOR,1994,6,26,0.23
PIT,1968,7,30,0.23
PHI,1985,7,30,0.23
OAK,1968,7,30,0.23
OAK,1977,6,26,0.23
PHA,1913,5,22,0.23
OAK,2014,7,31,0.23
PHI,1963,7,31,0.23
NYA,2023,10,44,0.23
NYN,1975,7,31,0.23
NYN,1993,5,22,0.23
SEA,1977,7,31,0.23
SEA,1980,6,26,0.23
SEA,1984,8,35,0.23
SFN,1961,7,30,0.23
SLN,1956,7,31,0.23
SLN,1976,6,26,0.23
SLN,1977,7,31,0.23
SLN,1978,5,22,0.23
TEX,1988,7,31,0.23
TEX,1994,6,26,0.23
TBA,2009,9,41,0.22
TBA,2023,10,45,0.22
SLN,1983,6,27,0.22
SLN,1952,6,27,0.22
SLN,2003,9,41,0.22
SEA,1993,9,41,0.22
SFN,1965,9,41,0.22
PHI,1950,6,27,0.22
PHA,1951,5,23,0.22
OAK,1994,5,23,0.22
PHI,1981,5,23,0.22
PHI,1999,7,32,0.22
PIT,1996,8,37,0.22
WS1,1932,5,23,0.22
WS1,1925,5,23,0.22
COL,2015,8,36,0.22
LAA,1964,9,41,0.22
LAN,1958,7,32,0.22
KCA,2021,8,37,0.22
LAN,1964,6,27,0.22
KC1,1955,5,23,0.22
KCA,1979,6,27,0.22
HOU,1997,8,37,0.22
MIN,1961,5,23,0.22
MIL,1979,5,23,0.22
NYA,1964,10,45,0.22
NYA,1966,7,32,0.22
NYA,1979,8,37,0.22
MON,1978,7,32,0.22
MON,1981,5,23,0.22
CHA,1947,6,27,0.22
CHA,1979,8,37,0.22
CIN,2006,8,36,0.22
CLE,1968,7,32,0.22
ARI,2019,10,45,0.22
ATL,1966,8,36,0.22
ATL,1967,7,32,0.22
ATL,1978,7,32,0.22
BAL,1967,8,36,0.22
CAL,1983,5,23,0.22
BOS,2019,7,33,0.21
BRO,1953,6,29,0.21
BOS,1973,7,33,0.21
BOS,1979,6,29,0.21
BOS,1981,5,24,0.21
BAL,1956,5,24,0.21
ATL,1970,5,24,0.21
ANA,2016,6,29,0.21
CLE,1947,6,29,0.21
CIN,2016,6,28,0.21
CLE,1966,6,28,0.21
CLE,1985,6,28,0.21
CHA,1966,7,34,0.21
CHN,1967,6,29,0.21
CHN,1968,7,33,0.21
MON,1979,8,39,0.21
MON,2002,8,39,0.21
MLN,1965,8,38,0.21
NYA,1974,5,24,0.21
NYA,1962,9,42,0.21
NYA,1954,9,42,0.21
MIL,1975,7,34,0.21
MIL,1993,6,29,0.21
MIN,1966,6,28,0.21
MIN,1968,6,29,0.21
MIL,2001,6,28,0.21
MIN,1974,6,29,0.21
LAN,1963,6,29,0.21
LAN,1990,6,29,0.21
LAN,1982,6,28,0.21
KCA,2000,6,29,0.21
KCA,1997,6,29,0.21
DET,1969,6,28,0.21
DET,1983,6,28,0.21
COL,2019,6,28,0.21
HOU,1977,6,28,0.21
WAS,2022,6,28,0.21
WS2,1968,6,29,0.21
PIT,1993,7,34,0.21
PIT,1990,9,43,0.21
PIT,1987,8,39,0.21
PIT,2008,7,34,0.21
SDN,1980,8,39,0.21
PHI,2003,7,33,0.21
PHI,2007,9,42,0.21
PHI,1982,7,33,0.21
PIT,1970,9,43,0.21
OAK,1983,7,33,0.21
OAK,2022,7,34,0.21
PHI,1967,5,24,0.21
NYN,1980,7,33,0.21
NYN,1968,7,33,0.21
SFN,1975,5,24,0.21
SFN,2022,8,39,0.21
SEA,1996,7,34,0.21
SE1,1969,7,33,0.21
SLN,2008,9,42,0.21
SLN,1957,6,29,0.21
SLN,1990,8,39,0.21
TEX,1985,7,33,0.21
TEX,2019,7,33,0.21
TEX,1991,8,41,0.2
SLN,1979,5,25,0.2
SLN,1967,9,44,0.2
SFN,1974,5,25,0.2
SFN,1971,6,30,0.2
OAK,1979,4,20,0.2
PIT,1967,7,35,0.2
PHI,2023,9,45,0.2
PHI,2018,9,44,0.2
PHI,1990,7,35,0.2
SDN,1979,5,25,0.2
SDN,1975,4,20,0.2
PIT,1989,8,40,0.2
TOR,1977,4,20,0.2
HOU,1970,7,35,0.2
HOU,1971,5,25,0.2
DET,2004,7,35,0.2
DET,1976,4,20,0.2
LAN,1994,4,20,0.2
HOU,1981,5,25,0.2
HOU,2000,6,30,0.2
MIN,1980,6,30,0.2
MIN,1965,9,45,0.2
MIN,1963,6,30,0.2
MIA,2018,6,30,0.2
NYA,1975,4,20,0.2
NY1,1934,6,30,0.2
NY1,1953,4,20,0.2
CHA,1982,8,41,0.2
CHA,1994,4,20,0.2
CLE,1984,7,35,0.2
CLE,1977,6,30,0.2
CLE,1972,5,25,0.2
CLE,1965,8,40,0.2
CIN,1981,4,20,0.2
CIN,1948,4,20,0.2
ATL,1992,8,41,0.2
BOS,1969,8,41,0.2
BOS,1956,4,20,0.2
BOS,1961,6,30,0.2
BAL,2022,9,46,0.2
BAL,2007,6,30,0.2
BOS,2021,10,49,0.2
CAL,1966,8,40,0.2
CAL,1967,9,46,0.2
BOS,1994,6,30,0.2
CAL,1965,6,32,0.19
CAL,1984,5,26,0.19
BRO,1955,7,37,0.19
BAL,2002,6,31,0.19
BOS,1953,7,37,0.19
BOS,1968,6,31,0.19
BOS,1978,5,26,0.19
BOS,1976,5,27,0.19
ATL,1987,6,32,0.19
ATL,2007,7,36,0.19
BAL,1970,6,31,0.19
BAL,1972,4,21,0.19
BAL,1988,5,26,0.19
ANA,2017,8,43,0.19
ANA,2019,6,32,0.19
ANA,2023,8,43,0.19
ARI,1999,8,42,0.19
ATL,1969,8,42,0.19
CIN,1954,5,27,0.19
CIN,1973,8,43,0.19
CIN,1977,6,32,0.19
CIN,1993,7,37,0.19
CLE,1955,7,37,0.19
CLE,1964,7,37,0.19
CLE,1974,5,27,0.19
CIN,2023,10,53,0.19
CLE,2004,6,32,0.19
CHA,1988,8,43,0.19
CHA,1937,4,21,0.19
CHN,1957,5,26,0.19
CHN,1990,8,42,0.19
CHN,1994,5,27,0.19
CHN,1999,6,32,0.19
NY1,1954,6,31,0.19
MON,1988,8,43,0.19
MON,1974,5,27,0.19
NYA,1957,8,42,0.19
NYA,1967,5,27,0.19
NYA,1947,4,21,0.19
NYA,1939,5,27,0.19
NYA,1949,7,36,0.19
MON,2004,6,31,0.19
MIL,1976,5,27,0.19
MIL,1995,6,31,0.19
MIL,1985,7,37,0.19
HOU,2014,6,31,0.19
KCA,1988,6,32,0.19
LAN,1968,6,32,0.19
LAN,1969,6,31,0.19
KCA,2007,7,36,0.19
KCA,2019,7,37,0.19
KCA,2011,7,37,0.19
DET,1966,7,37,0.19
COL,2023,6,32,0.19
COL,2016,7,37,0.19
DET,1989,5,26,0.19
DET,2021,8,42,0.19
WS1,1926,5,26,0.19
WS1,1933,5,26,0.19
SDN,1994,5,27,0.19
PHI,2019,7,36,0.19
PHI,2021,7,36,0.19
PIT,1966,8,43,0.19
PHI,1968,5,27,0.19
PHI,1955,4,21,0.19
NYA,2016,9,48,0.19
NYN,1978,5,26,0.19
NYN,1979,7,36,0.19
SFN,1976,6,31,0.19
SFN,2017,6,32,0.19
SLN,1939,6,32,0.19
SFN,2006,7,37,0.19
SDN,2003,6,31,0.19
SLN,1968,6,32,0.19
SLN,1969,5,26,0.19
SLN,1953,7,36,0.19
SLN,2017,8,43,0.19
TEX,1987,5,27,0.19
TEX,1983,6,32,0.19
TEX,1984,4,21,0.19
TBA,2014,7,37,0.19
TBA,2006,6,33,0.18
TEX,1995,6,34,0.18
SLN,2001,7,38,0.18
SEA,1997,7,38,0.18
SEA,1995,7,39,0.18
SFN,2023,9,50,0.18
SFN,1979,6,34,0.18
OAK,1982,4,22,0.18
NYN,2023,6,34,0.18
OAK,1997,7,38,0.18
PIT,1969,6,33,0.18
PIT,1982,7,39,0.18
PIT,1951,4,22,0.18
PIT,1960,6,33,0.18
PIT,1963,6,33,0.18
PHI,1976,8,44,0.18
SDN,1985,8,44,0.18
SDN,1987,6,33,0.18
TOR,2014,8,45,0.18
TOR,2019,6,33,0.18
TOR,1984,6,33,0.18
TOR,1995,4,22,0.18
TOR,1997,6,34,0.18
TOR,2011,6,33,0.18
WS1,1959,4,22,0.18
DET,1986,7,38,0.18
DET,1991,7,38,0.18
COL,2000,6,33,0.18
COL,1997,7,38,0.18
DET,1970,7,39,0.18
DET,1972,6,33,0.18
KCA,2018,6,33,0.18
KCA,2022,6,33,0.18
LAN,1971,6,33,0.18
LAN,1962,8,44,0.18
KC1,1967,6,34,0.18
HOU,2021,6,34,0.18
MIA,2017,6,34,0.18
LAN,2021,10,56,0.18
MIN,1985,6,34,0.18
MIN,1973,6,34,0.18
MIN,2023,7,38,0.18
MIN,2019,9,50,0.18
CHN,2000,7,39,0.18
CHN,1996,6,34,0.18
CHN,1977,8,44,0.18
CHN,1975,6,33,0.18
CAL,1988,6,33,0.18
CHA,1978,6,33,0.18
CLE,1978,5,28,0.18
CLE,1986,6,34,0.18
ARI,2023,8,44,0.18
ARI,2015,8,44,0.18
ANA,2022,7,38,0.18
ARI,2001,6,34,0.18
ARI,2004,6,33,0.18
ANA,2012,7,38,0.18
BAL,1962,6,33,0.18
ATL,2006,7,38,0.18
BOS,1954,4,22,0.18
BOS,1955,6,34,0.18
BOS,1958,5,28,0.18
BAL,2018,5,28,0.18
BOS,1992,7,39,0.18
BOS,2002,9,51,0.18
BOS,2012,6,35,0.17
BRO,1954,6,35,0.17
BAL,2010,6,35,0.17
BAL,1995,5,29,0.17
BOS,1971,6,35,0.17
ATL,1991,8,48,0.17
ATL,2001,7,41,0.17
BAL,1979,5,30,0.17
BAL,1981,4,23,0.17
ATL,1968,5,29,0.17
ATL,1985,5,29,0.17
CLE,1988,8,46,0.17
CLE,1982,5,30,0.17
CLE,2006,4,24,0.17
CIN,1983,5,29,0.17
CIN,1978,8,46,0.17
CIN,1963,6,36,0.17
CIN,1960,6,35,0.17
CHA,1998,7,42,0.17
CHA,2002,6,35,0.17
CHA,2014,6,36,0.17
CHN,1983,7,42,0.17
CHN,2002,4,23,0.17
CHN,2004,7,42,0.17
MIN,2021,7,42,0.17
MIN,2017,7,42,0.17
MON,1984,8,48,0.17
MON,1995,7,42,0.17
NYA,1965,5,29,0.17
MIN,1997,5,30,0.17
MIN,1994,5,29,0.17
MIN,1967,4,24,0.17
MIL,2018,8,48,0.17
LAN,1993,6,36,0.17
LAN,2011,7,40,0.17
MIA,2022,7,41,0.17
MIL,1984,7,41,0.17
MIL,1996,7,42,0.17
MIL,1994,4,23,0.17
MIL,1991,7,41,0.17
KC1,1963,5,29,0.17
HOU,2023,7,42,0.17
KCA,1973,7,41,0.17
KCA,1976,6,35,0.17
HOU,1994,5,29,0.17
HOU,1984,5,29,0.17
HOU,1985,7,42,0.17
LAN,1961,6,35,0.17
LAN,1967,4,24,0.17
LAN,1970,7,42,0.17
KCA,2002,5,30,0.17
KCA,1996,6,35,0.17
DET,1977,4,23,0.17
DET,1940,4,23,0.17
COL,1998,6,36,0.17
CLE,2018,7,41,0.17
DET,1992,6,36,0.17
DET,2023,7,41,0.17
HOU,1976,5,29,0.17
FLO,1995,5,29,0.17
WS2,1969,7,41,0.17
TOR,2012,5,29,0.17
TOR,2003,6,35,0.17
WAS,2018,7,40,0.17
PIT,2017,6,36,0.17
PIT,1995,5,29,0.17
PIT,2001,6,36,0.17
PHI,1979,5,29,0.17
PIT,1961,5,29,0.17
PIT,1958,7,41,0.17
OAK,1987,7,40,0.17
PHI,1964,7,42,0.17
OAK,2017,6,35,0.17
NYA,2017,6,36,0.17
NYN,1969,6,35,0.17
NYN,1973,7,40,0.17
OAK,1970,7,40,0.17
OAK,1971,6,36,0.17
NYN,2018,7,41,0.17
NYN,2013,7,40,0.17
NYN,2014,7,42,0.17
SFN,1988,7,42,0.17
SFN,1978,5,29,0.17
SFN,1992,5,30,0.17
SFN,2018,6,36,0.17
SEA,1991,8,48,0.17
SEA,1992,5,30,0.17
SEA,2022,7,40,0.17
SDN,2016,6,35,0.17
SLN,2019,9,52,0.17
SLN,2011,8,47,0.17
TEX,2007,7,42,0.17
TEX,2008,6,36,0.17
TEX,2011,6,38,0.16
TEX,2021,5,31,0.16
SLN,2022,6,37,0.16
SLN,1960,5,31,0.16
SLN,1985,7,44,0.16
SEA,2023,7,44,0.16
SEA,2021,8,51,0.16
SFN,1962,6,38,0.16
SEA,2003,6,38,0.16
SFN,1990,7,45,0.16
SFN,1984,6,38,0.16
NYN,2011,7,43,0.16
NYN,2003,6,38,0.16
NYA,2018,8,49,0.16
NYA,2019,8,50,0.16
OAK,1984,7,44,0.16
OAK,2001,7,44,0.16
OAK,2005,6,38,0.16
PIT,1978,7,44,0.16
PIT,1973,7,44,0.16
PHI,1998,5,32,0.16
PIT,1992,7,43,0.16
SDN,1986,5,32,0.16
SDN,1983,7,44,0.16
TOR,2023,8,51,0.16
TOR,2004,6,37,0.16
TOR,1983,5,32,0.16
TOR,1986,7,44,0.16
DET,2010,5,32,0.16
DET,2017,5,32,0.16
DET,2007,7,44,0.16
DET,1987,5,31,0.16
DET,2005,6,37,0.16
COL,1995,7,43,0.16
CLE,2013,6,38,0.16
KCA,1986,5,31,0.16
LAN,1973,6,38,0.16
LAN,1986,4,25,0.16
LAN,1978,6,38,0.16
HOU,1989,6,38,0.16
HOU,1990,6,37,0.16
HOU,1995,5,32,0.16
HOU,1998,7,44,0.16
HOU,2007,6,38,0.16
MIL,1972,5,32,0.16
MIA,2023,7,43,0.16
MIL,1977,4,25,0.16
LAN,2017,8,51,0.16
LAN,2019,7,44,0.16
MIL,2019,8,50,0.16
MIN,1969,7,43,0.16
MIL,2008,7,45,0.16
MIN,1989,6,38,0.16
MIN,1990,7,43,0.16
NYA,1980,8,50,0.16
NYA,1993,6,38,0.16
NYA,1994,5,31,0.16
MON,1997,6,37,0.16
CHN,1978,6,38,0.16
CHN,1992,6,37,0.16
CHA,2017,4,25,0.16
CHN,1972,5,32,0.16
CHN,1961,4,25,0.16
CHA,1986,6,38,0.16
CHA,1987,6,37,0.16
CHA,1969,4,25,0.16
CHA,1959,6,37,0.16
CIN,1968,6,38,0.16
CIN,2005,5,31,0.16
CIN,2003,6,38,0.16
CLE,2008,5,31,0.16
CLE,1983,4,25,0.16
CLE,1979,5,32,0.16
CLE,1954,6,38,0.16
BOS,1975,5,31,0.16
BAL,1998,6,37,0.16
BAL,2001,5,31,0.16
CAL,1971,5,32,0.16
CAL,1979,5,33,0.15
CAL,1969,6,39,0.15
BOS,2015,6,40,0.15
BOS,1997,6,40,0.15
BAL,2000,5,33,0.15
BAL,2003,6,41,0.15
BAL,2004,4,27,0.15
BAL,1985,5,33,0.15
BOS,1977,6,40,0.15
BOS,1962,6,40,0.15
ATL,1986,6,39,0.15
ARI,2022,5,33,0.15
BAL,1965,6,41,0.15
ATL,1994,4,26,0.15
ATL,1995,5,34,0.15
ATL,1989,5,33,0.15
CIN,2017,5,33,0.15
CLE,1976,7,46,0.15
CLE,1991,5,33,0.15
CIN,1994,4,27,0.15
CIN,1967,6,40,0.15
CIN,1961,6,40,0.15
CHN,2018,7,46,0.15
CHN,2015,7,48,0.15
CHA,1963,6,40,0.15
CAL,1986,6,40,0.15
CAL,1993,6,41,0.15
CHA,1985,6,39,0.15
CHA,1977,6,40,0.15
CHA,2008,5,33,0.15
CHA,1993,7,48,0.15
CHN,1991,6,40,0.15
MON,1998,6,39,0.15
MON,2000,6,39,0.15
MON,1983,5,34,0.15
MON,1991,6,39,0.15
MON,1994,7,46,0.15
MIN,2016,4,26,0.15
MON,1977,5,33,0.15
NYA,1977,5,34,0.15
NYA,1982,6,39,0.15
NYA,1968,4,27,0.15
MIN,1995,4,27,0.15
MIN,1999,5,34,0.15
MIN,1972,5,34,0.15
MIN,1978,4,26,0.15
MIN,1983,6,39,0.15
MIL,2005,7,46,0.15
MIL,2023,7,46,0.15
MIL,2017,8,54,0.15
LAN,2015,7,47,0.15
LAN,2006,6,40,0.15
HOU,1987,5,33,0.15
HOU,1983,7,48,0.15
KCA,1978,5,33,0.15
KCA,1990,5,33,0.15
KCA,1991,6,41,0.15
KC1,1964,4,27,0.15
LAN,1977,6,39,0.15
LAN,1983,6,40,0.15
KCA,1998,7,46,0.15
CLE,2014,6,40,0.15
CLE,2010,5,34,0.15
COL,1996,5,34,0.15
COL,2001,4,26,0.15
COL,2006,5,34,0.15
DET,1967,6,40,0.15
DET,2002,5,33,0.15
DET,2013,6,39,0.15
DET,2014,6,41,0.15
HOU,1969,5,34,0.15
TOR,1999,6,39,0.15
TOR,2022,7,46,0.15
WAS,2019,6,40,0.15
WAS,2015,6,41,0.15
WS2,1967,6,39,0.15
SDN,1982,6,41,0.15
PIT,2023,7,47,0.15
PIT,1999,5,34,0.15
PIT,2000,4,27,0.15
PHI,2000,5,34,0.15
PHI,1989,5,33,0.15
PIT,1971,7,48,0.15
PIT,1972,7,48,0.15
PIT,1965,4,27,0.15
PIT,1983,6,41,0.15
PIT,1962,6,41,0.15
PHI,2017,5,33,0.15
OAK,2008,5,33,0.15
OAK,2012,7,47,0.15
NYA,2021,7,47,0.15
NYN,1972,6,41,0.15
NYN,1983,5,33,0.15
NYN,1991,6,39,0.15
NYN,1992,5,34,0.15
NYN,2017,5,34,0.15
NYN,2021,6,41,0.15
NYN,2022,6,41,0.15
SFN,2019,6,41,0.15
SEA,2006,7,47,0.15
SEA,2017,6,39,0.15
SEA,1987,5,33,0.15
SLN,1981,5,33,0.15
TEX,2005,7,46,0.15
TEX,1986,6,41,0.15
TBA,2013,6,42,0.14
TEX,2018,6,42,0.14
TEX,1990,5,36,0.14
SLN,1975,5,36,0.14
SLN,1973,5,36,0.14
SLN,2023,5,36,0.14
SLN,2021,7,50,0.14
SLN,2018,6,43,0.14
SLN,1998,6,44,0.14
SLN,2000,5,37,0.14
SDN,2012,6,43,0.14
SEA,1994,3,21,0.14
SFN,2021,8,56,0.14
SFN,2007,5,37,0.14
SFN,2016,6,43,0.14
SFN,1973,6,44,0.14
NYN,2010,5,36,0.14
NYN,2012,5,36,0.14
NYN,2015,7,50,0.14
NYN,2008,6,43,0.14
NYN,1977,4,28,0.14
NYN,1971,3,22,0.14
PHI,1970,5,36,0.14
OAK,2004,5,35,0.14
OAK,1974,4,28,0.14
PIT,1964,4,28,0.14
PIT,1991,7,51,0.14
PIT,2016,7,51,0.14
SDN,1990,5,35,0.14
SDN,1995,5,35,0.14
WS1,1958,4,29,0.14
WAS,2010,5,37,0.14
WAS,2012,7,51,0.14
TOR,2007,6,44,0.14
TOR,1996,5,35,0.14
DET,2015,5,35,0.14
DET,1997,6,42,0.14
DET,1993,5,36,0.14
DET,1978,3,21,0.14
DET,1979,5,37,0.14
COL,2022,6,43,0.14
COL,2010,5,35,0.14
CLE,2019,6,42,0.14
CLE,2017,5,37,0.14
KCA,2003,5,36,0.14
LAN,1985,5,36,0.14
LAN,1988,7,49,0.14
LAN,1989,5,36,0.14
LAN,1992,4,29,0.14
LAN,1976,4,28,0.14
LAN,1972,4,29,0.14
KCA,1977,6,42,0.14
KCA,1980,6,42,0.14
HOU,1996,5,35,0.14
LAN,2000,5,36,0.14
MIL,1983,6,43,0.14
MIL,2021,6,44,0.14
MIL,1990,6,42,0.14
MIN,2000,5,35,0.14
MIN,1993,6,44,0.14
NYA,1976,5,37,0.14
NYA,1988,6,43,0.14
NYA,1991,5,37,0.14
MON,1990,7,50,0.14
MON,1986,7,50,0.14
MON,1987,7,50,0.14
MON,1980,5,36,0.14
MON,2001,4,28,0.14
CHN,1985,6,42,0.14
CHN,1986,6,42,0.14
CHN,1982,6,43,0.14
CHN,2012,4,28,0.14
CHA,2003,5,36,0.14
CHA,1974,4,29,0.14
CAL,1987,5,36,0.14
CAL,1992,6,42,0.14
CHA,1972,6,42,0.14
CHN,2014,5,37,0.14
CIN,1969,6,44,0.14
CIN,1966,5,35,0.14
CIN,1987,6,44,0.14
CIN,1989,5,37,0.14
CIN,2000,6,42,0.14
CIN,1991,6,43,0.14
CIN,1997,7,49,0.14
CLE,2001,6,42,0.14
BAL,1969,5,36,0.14
BAL,1963,6,43,0.14
BAL,1989,6,44,0.14
ATL,1980,5,37,0.14
BOS,1964,5,37,0.14
BAL,1996,6,44,0.14
BAL,2008,5,35,0.14
BOS,1999,7,50,0.14
BOS,1996,5,37,0.14
BOS,1990,6,44,0.14
BOS,2011,5,36,0.14
CAL,1970,7,49,0.14
BRO,1957,4,29,0.14
BRO,1956,4,30,0.13
BOS,2017,5,39,0.13
BOS,2001,6,48,0.13
BOS,1995,5,39,0.13
BAL,1992,6,48,0.13
BAL,1984,4,32,0.13
BOS,1984,4,32,0.13
ARI,2013,5,38,0.13
ANA,2011,5,39,0.13
ARI,2005,6,45,0.13
ARI,2000,5,38,0.13
ANA,2021,5,39,0.13
ATL,2023,7,52,0.13
ATL,1996,6,46,0.13
ATL,1998,6,45,0.13
ATL,1999,6,45,0.13
ATL,2005,5,38,0.13
ATL,2012,6,47,0.13
ATL,2016,5,39,0.13
CLE,1997,5,39,0.13
CLE,1980,4,32,0.13
CIN,2012,7,56,0.13
CIN,1985,6,45,0.13
CIN,1976,6,45,0.13
CIN,1979,5,40,0.13
CHN,2016,5,38,0.13
CHA,1965,7,53,0.13
CHA,1968,5,40,0.13
CHA,1975,5,39,0.13
CHA,1981,3,23,0.13
CHA,1983,6,48,0.13
CHA,1989,6,46,0.13
CHN,2013,5,39,0.13
CHN,2007,5,39,0.13
CHN,1995,6,45,0.13
CHN,1989,7,55,0.13
CHA,2022,6,48,0.13
CHA,1997,7,52,0.13
MON,1970,4,32,0.13
MON,1972,3,23,0.13
MON,1973,5,38,0.13
MIN,2006,5,40,0.13
MIN,2010,5,40,0.13
MIN,2011,4,32,0.13
NYA,2010,5,39,0.13
NYA,1981,4,30,0.13
NYA,1983,4,32,0.13
NYA,1961,5,39,0.13
MIN,1984,5,38,0.13
MIN,1982,4,30,0.13
MIN,1976,3,23,0.13
MIL,2022,7,52,0.13
MIL,2016,6,46,0.13
MIL,1982,6,47,0.13
MIL,1986,4,32,0.13
MIL,1992,5,39,0.13
LAN,1998,6,47,0.13
LAN,2018,6,48,0.13
MIA,2012,5,38,0.13
HOU,1999,6,48,0.13
HOU,1988,5,40,0.13
HOU,2015,5,39,0.13
HOU,2012,4,31,0.13
KCA,1981,3,24,0.13
KC1,1965,4,32,0.13
HOU,2017,6,45,0.13
HOU,2018,6,46,0.13
LAN,1974,3,23,0.13
KCA,1994,5,38,0.13
KCA,2017,5,39,0.13
CLE,2021,5,39,0.13
DET,1985,5,40,0.13
DET,1973,6,46,0.13
DET,1998,4,32,0.13
DET,2022,5,38,0.13
HOU,1964,4,31,0.13
HOU,1979,4,31,0.13
DET,2012,5,40,0.13
FLO,2007,5,40,0.13
TOR,1988,6,47,0.13
TOR,1978,3,23,0.13
TOR,2013,5,39,0.13
TOR,2017,6,45,0.13
TOR,2018,5,39,0.13
WAS,2016,6,46,0.13
WS2,1965,5,40,0.13
SDN,1991,6,47,0.13
PIT,2019,4,31,0.13
PIT,2007,4,32,0.13
PIT,2012,6,45,0.13
PIT,1977,5,39,0.13
PIT,1975,4,31,0.13
PHI,1986,5,39,0.13
PHI,1980,5,40,0.13
PHI,1994,4,30,0.13
PHI,2008,6,47,0.13
PHI,2010,5,40,0.13
OAK,2006,7,54,0.13
PHI,1975,4,30,0.13
OAK,2010,5,38,0.13
OAK,2021,5,39,0.13
NYN,1989,5,38,0.13
NYN,2019,5,38,0.13
SFN,1985,3,24,0.13
SFN,1991,6,45,0.13
SFN,2011,7,52,0.13
SFN,2004,6,46,0.13
SEA,1998,4,31,0.13
SEA,2015,6,45,0.13
SDN,2013,5,40,0.13
SDN,2017,6,45,0.13
SDN,1993,4,32,0.13
SDN,2022,6,48,0.13
SLN,2010,4,32,0.13
SLN,1987,6,48,0.13
TEX,1993,6,45,0.13
TEX,2000,5,39,0.13
TEX,2009,6,45,0.13
TBA,2018,7,52,0.13
SLN,2016,5,38,0.13
TBA,2000,5,38,0.13
TBA,2001,4,30,0.13
TBA,2003,4,30,0.13
TBA,2015,8,60,0.13
TBA,2016,5,42,0.12
TBA,2008,6,52,0.12
TEX,2006,5,42,0.12
TEX,2012,5,43,0.12
TEX,2014,4,33,0.12
TEX,1992,5,42,0.12
SLN,1988,5,42,0.12
SLN,1989,5,43,0.12
SLN,1996,5,43,0.12
SDN,2021,5,43,0.12
SEA,1979,3,26,0.12
SEA,2016,6,49,0.12
SEA,2012,5,43,0.12
SEA,2002,5,43,0.12
SFN,1981,4,33,0.12
SFN,1977,4,33,0.12
NYN,1997,6,49,0.12
NYN,1999,6,49,0.12
NYN,1976,3,25,0.12
OAK,2016,5,42,0.12
OAK,2000,5,43,0.12
OAK,1995,4,34,0.12
OAK,1993,5,42,0.12
PHI,2004,5,43,0.12
PHI,1995,5,41,0.12
PHI,1992,4,34,0.12
PIT,1980,5,43,0.12
PHI,2016,5,43,0.12
PHI,2006,5,42,0.12
PIT,1998,5,41,0.12
PIT,2021,3,25,0.12
WAS,2023,5,42,0.12
WS1,1924,3,25,0.12
TOR,2016,5,43,0.12
TOR,2006,5,42,0.12
TOR,1982,3,25,0.12
TOR,1987,5,43,0.12
FLO,1999,4,33,0.12
HOU,1980,5,41,0.12
DET,2008,4,34,0.12
COL,2021,4,33,0.12
CLE,2022,6,51,0.12
COL,2011,5,41,0.12
COL,2003,4,34,0.12
KCA,2005,3,25,0.12
KCA,2009,4,34,0.12
LAN,1966,4,34,0.12
KCA,1985,5,41,0.12
HOU,2011,3,25,0.12
HOU,1993,5,42,0.12
LAN,2010,5,41,0.12
LAN,2004,6,51,0.12
MIL,1988,6,51,0.12
MIL,2007,6,49,0.12
MIN,1977,3,25,0.12
MIN,1988,6,52,0.12
NYA,1984,5,43,0.12
NYA,1985,6,49,0.12
NYA,2006,5,43,0.12
NYA,2007,4,34,0.12
MON,1971,3,25,0.12
MON,2003,5,42,0.12
CHA,2016,5,43,0.12
CHA,2010,5,43,0.12
CHA,2019,4,33,0.12
CHA,2021,5,43,0.12
CHA,1980,5,42,0.12
CHA,2004,4,34,0.12
CHA,1996,5,43,0.12
CHA,1992,6,52,0.12
CAL,1990,5,42,0.12
CIN,1998,5,42,0.12
CLE,2002,4,34,0.12
ATL,2010,5,41,0.12
ATL,1984,6,49,0.12
BAL,1966,6,51,0.12
BAL,1964,5,42,0.12
BAL,1990,5,43,0.12
BAL,1991,5,42,0.12
BAL,1982,4,34,0.12
BAL,1980,5,41,0.12
BAL,1978,4,33,0.12
ARI,2003,5,42,0.12
ARI,2017,5,43,0.12
ATL,1982,6,51,0.12
ATL,1979,4,34,0.12
BOS,1982,4,33,0.12
BOS,1983,5,42,0.12
BOS,1965,3,25,0.12
BAL,1993,5,42,0.12
BAL,1999,4,33,0.12
BAL,2023,6,49,0.12
BOS,1989,5,42,0.12
CAL,1978,4,33,0.12
CAL,1985,5,41,0.12
BOS,1988,4,37,0.11
BOS,1991,5,45,0.11
BOS,1993,5,44,0.11
BOS,2000,5,46,0.11
BOS,2014,4,36,0.11
BOS,2007,5,45,0.11
BOS,2008,5,47,0.11
BOS,2004,4,36,0.11
BOS,2005,4,38,0.11
BAL,1994,4,37,0.11
ARI,2009,4,36,0.11
ARI,2010,4,35,0.11
ARI,2014,4,35,0.11
ARI,1998,4,37,0.11
ANA,2014,5,46,0.11
ANA,1999,4,37,0.11
ANA,2000,5,46,0.11
BAL,1983,4,38,0.11
ATL,2022,6,55,0.11
ATL,2000,6,53,0.11
ATL,1997,4,37,0.11
ATL,2015,5,44,0.11
CLE,1998,5,47,0.11
CLE,1992,5,46,0.11
CLE,1993,5,45,0.11
CLE,1989,4,38,0.11
CIN,2019,5,46,0.11
CIN,1999,6,55,0.11
CIN,2001,4,35,0.11
CIN,1995,4,38,0.11
CHN,2017,4,38,0.11
CIN,1980,4,37,0.11
CIN,1971,4,38,0.11
CAL,1989,4,38,0.11
CHA,1964,5,45,0.11
CHA,1995,4,36,0.11
CHA,2005,6,54,0.11
CHA,2006,5,46,0.11
CHA,2009,4,36,0.11
CHA,2012,4,37,0.11
CHN,1963,3,28,0.11
CHN,1965,4,35,0.11
CHN,1997,4,37,0.11
CHN,2003,4,36,0.11
CHN,2008,5,44,0.11
MON,1989,4,35,0.11
MON,1993,7,61,0.11
MIN,2015,5,45,0.11
MIN,2018,4,37,0.11
NYA,2002,6,53,0.11
NYA,1989,5,44,0.11
NYA,1995,4,35,0.11
MIN,2001,5,45,0.11
MIL,2012,5,44,0.11
MIL,2009,5,44,0.11
MIL,2003,5,44,0.11
MIL,1989,5,45,0.11
MIL,1987,5,45,0.11
MIL,1981,4,35,0.11
LAN,2008,4,35,0.11
LAN,1999,4,37,0.11
LAN,1997,5,45,0.11
LAN,2013,5,46,0.11
MIA,2016,6,55,0.11
HOU,2016,5,44,0.11
HOU,2004,5,47,0.11
KCA,1989,4,38,0.11
KCA,1982,5,45,0.11
HOU,2019,5,47,0.11
LAN,1995,4,37,0.11
KCA,1995,4,37,0.11
KCA,2015,6,56,0.11
COL,2005,4,37,0.11
COL,2012,4,36,0.11
CLE,2015,4,38,0.11
CLE,2016,4,37,0.11
COL,2008,4,36,0.11
COL,2009,5,45,0.11
DET,2018,4,37,0.11
DET,1988,4,36,0.11
DET,1990,5,45,0.11
FLO,2008,4,36,0.11
FLO,2002,4,36,0.11
TOR,1985,5,47,0.11
TOR,1989,4,38,0.11
TOR,1998,5,47,0.11
TOR,2005,4,35,0.11
TOR,2000,4,37,0.11
TOR,2008,5,44,0.11
TOR,2010,5,45,0.11
WAS,2021,4,36,0.11
WAS,2007,5,46,0.11
WAS,2008,3,28,0.11
WS2,1966,4,35,0.11
PIT,2005,4,35,0.11
PIT,2003,5,44,0.11
PIT,2013,6,55,0.11
PHI,2015,4,35,0.11
PHI,1991,4,35,0.11
PHI,1988,4,36,0.11
PHI,1977,5,47,0.11
PHI,1984,4,35,0.11
PHI,2011,5,47,0.11
OAK,2007,4,36,0.11
OAK,2009,4,38,0.11
OAK,2013,5,46,0.11
OAK,2019,5,45,0.11
NYN,1994,4,35,0.11
NYN,1995,4,36,0.11
NYN,1985,4,37,0.11
NYN,1986,5,46,0.11
NYN,1998,5,46,0.11
NYN,2005,4,38,0.11
SFN,1983,5,47,0.11
SFN,2005,5,46,0.11
SFN,2012,6,53,0.11
SFN,2010,6,57,0.11
SFN,2014,5,46,0.11
SEA,2004,3,28,0.11
SDN,2023,4,36,0.11
SEA,1989,5,44,0.11
SLN,1993,6,54,0.11
SLN,2006,4,38,0.11
SLN,2015,7,62,0.11
SLN,2013,5,44,0.11
TBA,1998,3,28,0.11
TEX,1989,5,44,0.11
TEX,2001,4,37,0.11
TEX,2015,5,45,0.11
TEX,2016,6,56,0.11
TEX,2010,5,46,0.11
TBA,2017,6,53,0.11
TBA,2004,4,35,0.11
TBA,2010,5,51,0.1
TEX,2023,3,30,0.1
SLN,2005,5,48,0.1
SLN,1984,5,51,0.1
SEA,1990,4,41,0.1
SEA,1982,4,39,0.1
SEA,1983,4,39,0.1
SEA,2005,4,39,0.1
SEA,2009,5,49,0.1
SEA,1999,4,40,0.1
SFN,1999,4,42,0.1
NYN,2004,3,31,0.1
NYN,2009,4,39,0.1
NYN,2007,4,39,0.1
NYN,2000,5,49,0.1
NYN,1987,5,51,0.1
NYN,1996,4,41,0.1
NYN,1990,4,41,0.1
NYN,1984,5,50,0.1
NYA,2014,5,48,0.1
NYA,2015,5,48,0.1
OAK,2011,4,39,0.1
OAK,2003,5,48,0.1
OAK,1999,5,48,0.1
OAK,1978,3,29,0.1
OAK,1973,4,41,0.1
OAK,1976,3,29,0.1
OAK,1985,4,41,0.1
PHI,2012,4,42,0.1
PHI,1983,4,41,0.1
PHI,1978,3,29,0.1
PHI,1987,5,48,0.1
PIT,1979,5,52,0.1
PIT,2014,5,48,0.1
PIT,2010,3,31,0.1
PIT,2006,4,39,0.1
PIT,1997,4,41,0.1
SDN,1998,6,59,0.1
WS2,1970,4,40,0.1
TOR,2001,4,41,0.1
TOR,2002,4,41,0.1
TOR,1990,5,48,0.1
FLO,2010,4,39,0.1
FLO,1997,4,39,0.1
FLO,1994,3,30,0.1
FLO,2006,4,41,0.1
DET,2009,4,42,0.1
DET,1980,3,30,0.1
KCA,2016,4,41,0.1
KCA,2001,3,30,0.1
HOU,2001,5,48,0.1
HOU,1986,5,51,0.1
MIA,2014,4,42,0.1
LAN,2012,4,40,0.1
LAN,2005,4,40,0.1
MIL,1998,4,39,0.1
MIL,2000,3,29,0.1
MIL,2013,4,40,0.1
MIN,1970,6,58,0.1
MIN,1998,4,42,0.1
MIN,1987,4,39,0.1
NYA,1996,5,52,0.1
NYA,1997,5,51,0.1
NYA,1998,5,48,0.1
NYA,2003,5,49,0.1
NYA,2000,4,40,0.1
NYA,2008,4,42,0.1
NYA,2009,5,51,0.1
NYA,2012,5,51,0.1
NYA,1973,4,39,0.1
MIN,2013,4,40,0.1
MIN,2008,4,42,0.1
CHN,2009,4,40,0.1
CHN,2005,4,39,0.1
CHN,1987,5,48,0.1
CHN,1984,5,50,0.1
CHN,1973,4,40,0.1
CHA,2011,4,42,0.1
CHA,1991,4,40,0.1
CHA,1967,4,39,0.1
CHA,1970,3,30,0.1
CHA,1939,2,21,0.1
CAL,1995,4,42,0.1
CIN,1972,6,60,0.1
CIN,1970,6,60,0.1
CIN,1990,5,50,0.1
CIN,1975,5,50,0.1
CIN,2002,4,42,0.1
CLE,2005,5,51,0.1
ATL,2021,4,40,0.1
ATL,2003,5,51,0.1
ANA,1997,4,39,0.1
ANA,1998,5,52,0.1
ANA,2003,4,39,0.1
ANA,2010,4,39,0.1
ANA,2013,4,41,0.1
ARI,2008,4,39,0.1
ARI,2012,4,39,0.1
ARI,2018,4,39,0.1
ATL,1983,5,48,0.1
BAL,1986,4,39,0.1
BAL,1997,6,59,0.1
BAL,2009,3,31,0.1
BOS,1963,3,30,0.1
BOS,1986,4,41,0.1
BOS,1998,5,53,0.09
BOS,2006,4,46,0.09
BOS,2010,4,44,0.09
BOS,2013,3,33,0.09
BOS,2018,4,46,0.09
BOS,2016,4,43,0.09
BOS,1980,4,43,0.09
BAL,2011,3,32,0.09
BAL,2016,5,54,0.09
BAL,2017,3,35,0.09
BAL,2006,3,35,0.09
ANA,2002,5,54,0.09
ARI,2006,3,34,0.09
CLE,2003,3,34,0.09
CLE,1996,4,46,0.09
CLE,1990,4,47,0.09
CIN,2015,3,35,0.09
CIN,2004,4,47,0.09
CIN,1992,5,55,0.09
CIN,2013,4,43,0.09
CIN,1986,4,45,0.09
CHA,1973,3,35,0.09
CHA,2000,4,43,0.09
CHA,1990,6,68,0.09
CHN,1979,4,44,0.09
CHN,1980,3,35,0.09
MIN,2012,3,35,0.09
MON,1982,4,43,0.09
MON,1985,5,53,0.09
MON,1996,4,43,0.09
NYA,1992,4,44,0.09
NYA,1986,5,58,0.09
NYA,1987,4,47,0.09
MIN,1981,2,22,0.09
MIN,2003,4,45,0.09
MIN,1991,5,53,0.09
MIL,2010,3,35,0.09
MIL,2006,4,43,0.09
MIL,1997,4,44,0.09
MIA,2021,3,33,0.09
LAN,2007,4,43,0.09
LAN,2009,4,44,0.09
LAN,2001,4,46,0.09
LAN,2002,5,56,0.09
LAN,2014,4,47,0.09
HOU,2002,4,43,0.09
HOU,2010,4,45,0.09
HOU,2022,5,53,0.09
KCA,1971,4,44,0.09
KCA,2012,4,44,0.09
CLE,2012,4,43,0.09
COL,1999,3,33,0.09
COL,2017,4,47,0.09
DET,2001,3,34,0.09
DET,1999,3,33,0.09
DET,2006,4,46,0.09
FLO,2001,3,32,0.09
FLO,2009,4,45,0.09
FLO,2004,5,53,0.09
WAS,2006,3,32,0.09
WAS,2014,4,45,0.09
SDN,2000,4,46,0.09
SDN,2001,4,46,0.09
SDN,1996,4,47,0.09
SDN,1997,4,43,0.09
SDN,1992,4,46,0.09
SDN,1984,4,44,0.09
SDN,1978,5,55,0.09
PIT,1988,4,46,0.09
PIT,2004,4,46,0.09
PIT,2011,4,43,0.09
PHI,2013,3,32,0.09
PHI,2009,4,44,0.09
PHI,2001,4,47,0.09
OAK,1988,6,64,0.09
OAK,1989,5,57,0.09
OAK,1975,4,44,0.09
OAK,1992,5,58,0.09
OAK,2018,4,44,0.09
NYN,1988,4,46,0.09
OAK,1972,4,43,0.09
SFN,2000,4,47,0.09
SFN,2003,4,43,0.09
SFN,1989,4,47,0.09
SFN,1994,3,33,0.09
SFN,1997,4,45,0.09
SFN,1998,4,44,0.09
SFN,1982,4,45,0.09
SFN,1980,3,35,0.09
SEA,2000,4,44,0.09
SEA,2001,5,56,0.09
SEA,2013,4,43,0.09
SDN,2019,4,47,0.09
SLN,1986,4,46,0.09
SLN,1982,4,47,0.09
SLN,2007,3,34,0.09
SLN,2004,5,57,0.09
SLN,2009,4,43,0.09
TEX,2013,4,46,0.09
TEX,2003,4,43,0.09
TEX,1996,4,43,0.09
TEX,1997,3,33,0.09
TEX,1998,4,46,0.09
TBA,2011,3,32,0.09
TEX,2004,4,52,0.08
SLN,1997,3,39,0.08
SLN,1991,4,51,0.08
SEA,2014,4,51,0.08
SEA,2010,3,38,0.08
SEA,2011,3,39,0.08
NYN,2001,4,48,0.08
NYN,2002,3,36,0.08
OAK,1998,3,39,0.08
OAK,2002,4,48,0.08
OAK,1990,5,64,0.08
SDN,1988,3,39,0.08
WAS,2005,4,51,0.08
TOR,1991,5,60,0.08
TOR,1992,4,49,0.08
TOR,1993,4,50,0.08
FLO,2003,3,36,0.08
COL,2018,4,51,0.08
DET,1984,4,51,0.08
COL,2014,2,24,0.08
KCA,2013,4,52,0.08
KCA,2014,4,53,0.08
LAN,1996,4,50,0.08
KCA,1984,4,50,0.08
HOU,2003,4,50,0.08
HOU,2008,4,48,0.08
HOU,2009,3,39,0.08
MIL,1974,2,24,0.08
MIN,1992,4,50,0.08
MIN,2004,4,48,0.08
NYA,1999,4,50,0.08
NYA,2013,4,49,0.08
NYA,1970,4,49,0.08
NYA,1972,3,39,0.08
MON,1992,4,49,0.08
MIN,2014,3,38,0.08
CHA,2015,3,37,0.08
CHN,1959,2,26,0.08
CHA,2001,4,51,0.08
CHA,1999,3,39,0.08
CAL,1996,3,38,0.08
CIN,1996,4,52,0.08
CIN,2011,3,39,0.08
CIN,2018,3,38,0.08
CLE,1995,4,50,0.08
ANA,2009,4,51,0.08
ANA,2004,4,50,0.08
ATL,2009,3,38,0.08
ATL,2013,4,53,0.08
BAL,2005,3,38,0.08
BAL,2014,4,53,0.08
BAL,2015,3,43,0.07
BAL,2013,4,57,0.07
BOS,2009,3,41,0.07
ATL,2014,4,54,0.07
ANA,2005,4,54,0.07
ANA,2001,3,43,0.07
ANA,2007,3,43,0.07
ANA,2015,3,46,0.07
ARI,2011,4,58,0.07
CLE,1999,3,46,0.07
CIN,2014,3,44,0.07
CIN,2009,3,41,0.07
CIN,2010,3,43,0.07
CIN,1988,3,43,0.07
CHN,2006,2,29,0.07
CHN,2010,3,40,0.07
CHN,2011,3,40,0.07
CHN,2001,3,41,0.07
CHN,1998,4,55,0.07
MON,1999,3,44,0.07
NYA,2004,4,59,0.07
NYA,2005,3,46,0.07
NYA,1990,3,41,0.07
MIL,2004,3,42,0.07
MIL,1999,3,40,0.07
LAN,2003,4,58,0.07
HOU,2006,3,42,0.07
HOU,1992,3,45,0.07
KCA,1992,3,44,0.07
KCA,2008,3,44,0.07
COL,2002,3,43,0.07
FLO,2011,3,40,0.07
FLO,1996,3,41,0.07
DET,2000,3,44,0.07
SDN,2002,3,40,0.07
SDN,1999,3,43,0.07
PIT,2018,3,40,0.07
SDN,1977,3,44,0.07
PIT,2009,2,28,0.07
PIT,2015,4,54,0.07
PHI,2005,3,40,0.07
NYN,2006,3,43,0.07
NYN,2016,4,55,0.07
SEA,2018,4,60,0.07
SDN,2014,3,41,0.07
SDN,2004,3,44,0.07
SDN,2005,3,45,0.07
SDN,2007,3,45,0.07
SDN,2009,3,45,0.07
SFN,2009,3,41,0.07
SFN,2013,3,41,0.07
SFN,2015,3,41,0.07
SLN,2002,3,42,0.07
SLN,2014,4,55,0.07
TBA,1999,3,45,0.07
TBA,2005,3,43,0.07
TBA,2007,2,28,0.07
TEX,1999,3,47,0.06
SLN,1992,3,47,0.06
SFN,2001,3,47,0.06
SFN,1995,2,34,0.06
SFN,1993,3,50,0.06
SDN,2006,3,50,0.06
SDN,2018,2,36,0.06
OAK,1991,3,49,0.06
PHI,2002,3,47,0.06
PHI,1997,2,35,0.06
SDN,1989,3,52,0.06
WAS,2013,3,47,0.06
WAS,2011,3,49,0.06
DET,2016,3,47,0.06
DET,2019,2,31,0.06
DET,2011,3,52,0.06
FLO,1993,3,48,0.06
FLO,2000,3,48,0.06
COL,2004,2,36,0.06
COL,2013,2,35,0.06
CLE,2023,3,47,0.06
KCA,1993,3,48,0.06
KCA,1983,3,49,0.06
MIA,2015,2,35,0.06
MIA,2013,2,36,0.06
MIL,1971,2,32,0.06
MIL,2002,2,32,0.06
MIN,2002,3,47,0.06
MIN,1979,2,33,0.06
NYA,1978,2,35,0.06
NYA,2011,3,47,0.06
CAL,1991,3,50,0.06
CIN,2007,2,34,0.06
CLE,2000,2,34,0.06
CLE,2007,3,49,0.06
ARI,2007,3,51,0.06
ANA,2006,3,50,0.06
ATL,2017,2,36,0.06
ATL,2011,3,52,0.06
ATL,2004,3,48,0.06
ATL,2002,3,57,0.05
ARI,2002,2,40,0.05
BAL,2012,3,55,0.05
CHA,2007,2,42,0.05
CHN,1993,3,56,0.05
NYA,2001,3,57,0.05
MIN,2007,2,38,0.05
MIN,2005,2,44,0.05
MIL,2015,2,40,0.05
KCA,2010,2,44,0.05
CLE,2011,2,38,0.05
COL,2007,2,39,0.05
FLO,2005,2,42,0.05
PHI,1996,2,42,0.05
PHI,2014,2,40,0.05
SDN,2011,2,44,0.05
SDN,2015,2,41,0.05
SEA,2007,2,43,0.05
SLN,1995,2,38,0.05
TEX,1979,2,42,0.05
TBA,2012,2,50,0.04
SDN,2010,2,49,0.04
PHI,1993,2,46,0.04
PIT,2002,2,47,0.04
HOU,2005,2,45,0.04
MIL,2014,2,45,0.04
MIL,2011,2,47,0.04
MIN,2009,2,48,0.04
ATL,1993,2,46,0.04
ANA,2008,2,66,0.03
CHA,2013,1,40,0.03
CIN,2008,1,34,0.03
SDN,2008,1,30,0.03
SFN,1996,1,35,0.03
SFN,2002,1,43,0.02
SFN,2008,1,41,0.02
SLN,2012,1,42,0.02
LAN,2016,1,47,0.02
